[
	{
		"fuceid": "1",
		"fucecode": "SERVER",
		"fucename": "服务端管理",
		"fucelevel": "1",
		"fucedesc": "服务端管理",
		"fuceresource": "#",
		"fuceindex": "1",
		"fuceparentcode": "0",
		"fuceismenu": "1",
		"isdel": 0,
		"ownerType": 0,
		"isChecked": false,
		"childrenList": []
	}, {
		"fuceid": "2",
		"fucecode": "USER",
		"fucename": "用户管理",
		"fucelevel": "1",
		"fucedesc": "用户管理",
		"fuceresource": "#",
		"fuceindex": "2",
		"fuceparentcode": "0",
		"fuceismenu": "1",
		"isdel": 0,
		"ownerType": 0,
		"isChecked": false,
		"childrenList": []
	}, {
		"fuceid": "2",
		"fucecode": "USER",
		"fucename": "用户管理",
		"fucelevel": "1",
		"fucedesc": "用户管理",
		"fuceresource": "#",
		"fuceindex": "2",
		"fuceparentcode": "0",
		"fuceismenu": "1",
		"isdel": 0,
		"ownerType": 0,
		"isChecked": false,
		"childrenList": []
	}, {
		"fuceid": "2",
		"fucecode": "USER",
		"fucename": "用户管理",
		"fucelevel": "1",
		"fucedesc": "用户管理",
		"fuceresource": "#",
		"fuceindex": "2",
		"fuceparentcode": "0",
		"fuceismenu": "1",
		"isdel": 0,
		"ownerType": 0,
		"isChecked": false,
		"childrenList": []
	}, {
		"fuceid": "2",
		"fucecode": "USER",
		"fucename": "用户管理",
		"fucelevel": "1",
		"fucedesc": "用户管理",
		"fuceresource": "#",
		"fuceindex": "2",
		"fuceparentcode": "0",
		"fuceismenu": "1",
		"isdel": 0,
		"ownerType": 0,
		"isChecked": false,
		"childrenList": []
	}, {
		"fuceid": "2",
		"fucecode": "USER",
		"fucename": "用户管理",
		"fucelevel": "1",
		"fucedesc": "用户管理",
		"fuceresource": "#",
		"fuceindex": "2",
		"fuceparentcode": "0",
		"fuceismenu": "1",
		"isdel": 0,
		"ownerType": 0,
		"isChecked": false,
		"childrenList": []
	}, {
		"fuceid": "2",
		"fucecode": "USER",
		"fucename": "用户管理",
		"fucelevel": "1",
		"fucedesc": "用户管理",
		"fuceresource": "#",
		"fuceindex": "2",
		"fuceparentcode": "0",
		"fuceismenu": "1",
		"isdel": 0,
		"ownerType": 0,
		"isChecked": false,
		"childrenList": []
	}, {
		"fuceid": "2",
		"fucecode": "USER",
		"fucename": "用户管理",
		"fucelevel": "1",
		"fucedesc": "用户管理",
		"fuceresource": "#",
		"fuceindex": "2",
		"fuceparentcode": "0",
		"fuceismenu": "1",
		"isdel": 0,
		"ownerType": 0,
		"isChecked": false,
		"childrenList": []
	}
	
]